Full Name,First Name,Last Name,Gender,Space Flights,Space Flight Hours,Spacewalks,Spacewalk Hours,Alma Mater,Undergrad Major,Graduate Major,Achievement Count
Alan B Shepard,Alan,Shepard,Man,2,216,2,9,US Naval Academy,Naval Sciences,0,3
Alan G Poindexter,Alan,Poindexter,Man,2,669,0,0,Georgia Institute of Technology; US Naval Postgraduate School,Aerospace Engineering,Aeronautical Engineering,2
Alan L Bean,Alan,Bean,Man,2,1671,3,10,University of Texas,Aeronautical Engineering,0,2
Albert Sacco,Albert,Sacco,Man,1,381,0,0,Northeastern University; MIT,Chemical Engineering,Chemical Engineering,1
Alfred M Worden,Alfred,Worden,Man,1,295,1,0.5,US Military Academy; University of Michigan,Military Science,Aeronautical & Astronautical Engineering,1
Alvin B Drew,Alvin,Drew,Man,2,613,2,13,US Air Force Academy; Embry-Riddle Aeronautical University,Physics & Astronautical Engineering,Aerospace Science; Political Science,1
Andrew J Feustel,Andrew,Feustel,Man,3,687,6,42,Purdue University; Queen’s University-Canada,Solid Earth Sciences,Geophysics; Seismology,1
Andrew M Allen,Andrew,Allen,Man,3,906,0,0,Villanova University; University of Florida,Mechanical Engineering,Business Administration,1
Andrew S W Thomas,Andrew,Thomas,Man,4,4257,1,6,University of Adelaide,Mechanical Engineering,Mechanical Engineering,1
Anna L Fisher,Anna,Fisher,Woman,1,191,0,0,University of California-Los Angeles,Chemistry,Chemistry; Medicine,3
Anthony W England,Anthony,England,Man,1,190,0,0,MIT,Geology,Geology; Geophysics,1
Barbara R Morgan,Barbara,Morgan,Woman,1,305,0,0,Stanford University,Human Biology,0,2
Barry E Wilmore,Barry,Wilmore,Man,2,4272,4,25,Tennessee Technological University; University of Tennessee,Electrical Engineering,Electrical Engineering; Aviation Systems,1
Bernard A Harris,Bernard,Harris,Man,2,438,1,5,University of Houston; Texas Tech University,Biology,Medicine,3
Bill Nelson,Bill,Nelson,Not Found,1,146,0,0,Yale University; University of Virginia,0,Law,1
Bonnie J Dunbar,Bonnie,Dunbar,Woman,5,1207,0,0,University of Washington; University of Houston,Ceramic Engineering,Ceramic Engineering; Biomedical Engineering,1
Brent W Jett,Brent,Jett,Man,4,1002,0,0,US Naval Academy; US Naval Postgraduate School,Aerospace Engineering,Aeronautical Engineering,1
Brewster H Shaw,Brewster,Shaw,Man,3,533,0,0,University of Wisconsin,Engineering Mechanics,Engineering Mechanics,1
Brian Duffy,Brian,Duffy,Man,4,977,0,0,US Air Force Academy; University of Southern California,Mathematics,Systems Management,2
Brian T O'Leary,Brian,O'Leary,Not Found,0,0,0,0,Williams College; Georgetown University; University of California-Berkeley,Physics,Astronomy,2
Bruce E Melnick,Bruce,Melnick,Man,2,311,0,0,US Coast Guard Academy; West Florida University,Engineering,Aeronautical Systems,2
Bruce McCandless,Bruce,McCandless,Man,2,312,2,12,US Naval Academy; Stanford University; University of Houston-Clear Lake,0,Electrical Engineering; Business Administration,1
Bryan D O'Connor,Bryan,O'Connor,Man,2,383,0,0,US Naval Academy; West Florida University,Engineering,Aeronautical Systems,1
Buzz Aldrin,Buzz,Aldrin,Man,2,289,2,8,US Military Academy; MIT,Mechanical Engineering,Astronautics,1
Byron K Lichtenberg,Byron,Lichtenberg,Man,2,461,0,0,Brown University; MIT,Aerospace Engineering,Mechanical Engineering; Biomedical Engineering,2
C Gordon Fullerton,Gordon,Fullerton,Not Found,2,382,0,0,California Institute of Technology,Mechanical Engineering,Mechanical Engineering,1
C Michael Foale,Michael,Foale,Man,6,8970,4,22,Cambridge University,Physics,Laboratory Astrophysics,2
Carl E Walz,Carl,Walz,Man,4,5533,3,19,Kent State University; John Carroll University,Physics,Solid State Physics,1
Carl J Meade,Carl,Meade,Man,3,712,1,6,University of Texas; California Institute of Technology,Electronics Engineering,Electronics Engineering,1
Carlos I Noriega,Carlos,Noriega,Man,2,481,3,19,University of Southern California; US Naval Postgraduate School,Computer Science,Computer Science; Space Systems Operations,1
Catherine G Coleman,Catherine,Coleman,Woman,3,4324,0,0,MIT; University of Massachusetts,Chemistry,Polymer Science & Engineering,1
Charles A Bassett,Charles,Bassett,Not Found,0,0,0,0,Texas Technological College,Electrical Engineering,0,3
Charles Conrad,Charles,Conrad,Man,4,1179,4,12,Princeton University,Aeronautical Engineering,0,1
Charles D Gemar,Charles,Gemar,Man,3,581,0,0,US Military Academy,Engineering,0,1
Charles D Walker,Charles,Walker,Man,3,477,0,0,Purdue University,Aeronautical & Astronautical Engineering,0,1
Charles E Brady,Charles,Brady,Man,1,405,0,0,University of North Carolina at Chapel Hill; Duke University,0,Medicine,2
Charles F Bolden,Charles,Bolden,Man,4,680,0,0,US Naval Academy; University of Southern California,Electrical Science,Systems Management,1
Charles J Camarda,Charles,Camarda,Man,1,333,0,0,Polytechnic Institute of Brooklyn; George Washington University; Virginia Polytechnic Institute,Aerospace Engineering,Engineering Science; Aerospace Engineering,2
Charles J Precourt,Charles,Precourt,Man,4,950,0,0,US Air Force Academy; Golden Gate University; US Naval War College,Aeronautical Engineering,Engineering Management; Strategic Studies,1
Charles Lacy Veach,Charles,Veach,Man,2,436,0,0,US Air Force Academy,Engineering Management,0,2
Charles M Duke,Charles,Duke,Man,1,265,3,20,US Naval Academy; MIT,Naval Sciences,Aeronautics,1
Charles O Hobaugh,Charles,Hobaugh,Man,3,873,0,0,US Naval Academy,Aerospace Engineering,0,2
Christopher J Cassidy,Christopher,Cassidy,Man,3,4376,6,31,US Naval Academy; MIT,Mathematics,Ocean Engineering,1
Christopher J Ferguson,Christopher,Ferguson,Man,3,970,0,0,Drexel University; US Naval Postgraduate School,Mechanical Engineering,Aeronautical Engineering,2
Christopher J Loria,Christopher,Loria,Not Found,0,0,0,0,US Naval Academy; Harvard University,Engineering,Public Administration,2
Clayton C Anderson,Clayton,Anderson,Man,2,4005,6,38,Hastings College; Iowa State University,Physics,Aerospace Engineering,2
Clifton C Williams,Clifton,Williams,Not Found,0,0,0,0,Auburn University,Mechanical Engineering,0,2
Curtis L Brown,Curtis,Brown,Man,6,1383,0,0,US Air Force Academy,Electrical Engineering,0,2
Dale A Gardner,Dale,Gardner,Man,2,336,2,12,University of Illinois,Engineering Physics,0,2
Daniel C Brandenstein,Daniel,Brandenstein,Man,4,789,0,0,University of Wisconsin,Mathematics & Physics,0,2
Daniel C Burbank,Daniel,Burbank,Man,3,4512,1,7,US Coast Guard Academy; Embry-Riddle Aeronautical University,Electrical Engineering,Aeronautical Science,1
Daniel M Tani,Daniel,Tani,Man,2,3162,6,39,MIT,Mechanical Engineering,Mechanical Engineering,1
Daniel T Barry,Daniel,Barry,Man,3,733,4,26,Cornell University; Princeton University; University of Miami,Electrical Engineering,Electrical Engineering; Computer Science; Medicine,1
Daniel W Bursch,Daniel,Bursch,Man,4,5446,2,12,US Naval Academy; US Naval Postgraduate School,Physics,Engineering Science,1
David A Wolf,David,Wolf,Man,4,4044,7,41,Purdue University; Indiana University,Electrical Engineering,Medicine,1
David C Hilmers,David,Hilmers,Man,4,494,0,0,Cornell University; US Naval Postgraduate School,Mathematics,Electrical Engineering,1
David C Leestma,David,Leestma,Man,3,532,1,3,US Naval Academy; US Naval Postgraduate School,Aeronautical Engineering,Aeronautical Engineering,1
David M Brown,David,Brown,Man,1,382,0,0,College of William & Mary; Eastern Virginia Medical School,Biology,Medicine,1
David M Walker,David,Walker,Man,4,724,0,0,US Naval Academy,Naval Sciences,0,1
David R Scott,David,Scott,Man,3,546,4,19,US Military Academy; MIT,0,Aeronautics & Astronautics,3
Dominic A Antonelli,Dominic,Antonelli,Man,2,579,0,0,MIT; University of Washington,Aeronautics & Astronautics,Aeronautics & Astronautics,1
Dominic L Gorie,Dominic,Gorie,Man,4,1167,0,0,US Naval Academy; University of Tennessee,Ocean Engineering,Aviation Systems,1
Don L Lind,Don,Lind,Man,1,168,0,0,University of Utah; University of California-Berkley,Physics,Nuclear Physics,1
Donald A Thomas,Donald,Thomas,Man,4,1040,0,0,Case Western Reserve University; Cornell University,Physics,Materials Science,2
Donald E Williams,Donald,Williams,Man,2,287,0,0,Purdue University,Mechanical Engineering,0,2
Donald H Peterson,Donald,Peterson,Man,1,120,1,4,US Military Academy; US Air Force Institute of Technology,0,Nuclear Engineering,2
Donald K Slayton,Donald,Slayton,Man,1,217,0,0,University of Minnesota,Aeronautical Engineering,0,2
Donald L Holmquest,Donald,Holmquest,Not Found,0,0,0,0,Southern Methodist University; Baylor University; University of Houston,Electrical Engineering,Physiology; Medicine; Law,1
Donald R McMonagle,Donald,McMonagle,Man,3,605,0,0,US Air Force Academy; California State University-Fresno,Astronautical Engineering,Mechanical  Engineering,1
Donald R Pettit,Donald,Pettit,Man,3,8872,2,13,Oregon State University; University of Arizona,Chemical Engineering,Chemical Engineering,1
Donn F Eisele,Donn,Eisele,Man,1,260,0,0,US Naval Academy; US Air Force Institute of Technology,Astronautics,Astronautics,1
Dorothy M Metcalf-Lindenberger,Dorothy,Metcalf-Lindenberger,Not Found,1,362,0,0,Whitman College,Geology,0,1
Douglas G Hurley,Douglas,Hurley,Man,3,683,0,0,Tulane University,Civil Engineering,0,1
Douglas H Wheelock,Douglas,Wheelock,Man,2,4281,6,43,US Military Academy; Georgia Institute of Technology,Applied Science & Engineering,Aerospace Engineering,1
Duane E Graveline,Duane,Graveline,Not Found,0,0,0,0,University of Vermont; Johns Hopkins University,0,Public Health; Medicine,1
Duane G Carey,Duane,Carey,Man,1,262,0,0,University of Minnesota-Minneapolis,Aerospace Engineering & Mechanics,Aerospace Engineering,2
E Michael Fincke,Michael,Fincke,Man,3,9159,9,48,MIT; Stanford University; University of Houston-Clear Lake,"Aeronautics & Astronautics; Earth, Atmospheric & Planetary Sciences",Aeronautics & Astronautics; Physical Sciences,2
Edgar D Mitchell,Edgar,Mitchell,Man,1,216,2,9,Carnegie-Mellon University; US Naval Postgraduate School; MIT,Industrial Management,Aeronautical Engineering; Aeronautics & Astronautics,1
Edward G Gibson,Edward,Gibson,Man,1,2017,3,15,University of Rochester; California Institute of Technology,Engineering,Engineering,1
Edward G Givens,Edward,Givens,Not Found,0,0,0,0,US Naval Academy,Naval Sciences,0,1
Edward H White,Edward,White,Man,1,97,1,0.5,US Military Academy; University of Michigan,0,Aeronautical Engineering,1
Edward T Lu,Edward,Lu,Man,3,4962,1,6,Cornell University; Stanford University,Electrical Engineering,Applied Physics,2
Eileen M Collins,Eileen,Collins,Woman,4,890,0,0,Syracuse University; Stanford University; Webster University,Mathematics & Economics,Operations Research; Space Systems Management,2
Ellen Ochoa,Ellen,Ochoa,Woman,4,979,0,0,San Diego State University; Stanford University,Physics,Electrical Engineering,2
Ellen S Baker,Ellen,Baker,Woman,3,686,0,0,State University of New York-Buffalo; Cornell University; University of Texas,Geology,Medicine; Public Health,1
Elliot M See,Elliot,See,Not Found,0,0,0,0,US Merchant Marine Academy; University of California-Los Angeles,0,Engineering,1
Ellison S Onizuka,Ellison,Onizuka,Man,1,73,0,0,University of Colorado,Aerospace Engineering,Aerospace Engineering,1
Eric A Boe,Eric,Boe,Man,2,687,0,0,US Air Force Academy; Georgia Institute of Technology,Aeronautical Engineering,Electrical Engineering,1
Eugene A Cernan,Eugene,Cernan,Man,3,566,4,24,Purdue University; US Naval Postgraduate School,Electrical Engineering,Aeronautical Engineering,2
F Andrew Gaffney,Andrew,Gaffney,Not Found,1,218,0,0,University of California-Berkeley; University of New Mexico,Psychology,Medicine,2
F Curtis Michel,Curtis,Michel,Not Found,0,0,0,0,California Institute of Technology,Physics,Physics,1
Fernando Caldeiro,Fernando,Caldeiro,Not Found,0,0,0,0,University of Arizona; University of Central Florida,Mechanical Engineering,Engineering Management,1
Francis R Scobee,Francis,Scobee,Not Found,2,167,0,0,University of Arizona,Aerospace Engineering,0,2
Frank Borman,Frank,Borman,Man,2,477,0,0,US Military Academy; California Institute of Technology,0,Aeronautical Engineering,1
Frank L Culbertson,Frank,Culbertson,Man,3,3446,1,5,US Naval Academy,Aerospace Engineering,0,1
Franklin R Chang-Diaz,Franklin,Chang-Diaz,Man,7,1602,3,19,University of Connecticut; MIT,Mechanical Engineering,Applied Plasma Physics,1
Fred W Haise,Fred,Haise,Man,1,142,0,0,University of Oklahoma,Aeronautical Engineering,0,2
Fred W Leslie,Fred,Leslie,Not Found,1,381,0,0,University of Texas; University of Oklahoma,Engineering Science,Meteorology,1
Frederick D Gregory,Frederick,Gregory,Man,3,455,0,0,US Air Force Academy; George Washington University,0,Information Systems,2
Frederick H Hauck,Frederick,Hauck,Man,3,435,0,0,Tufts University; MIT,Physics,Nuclear Engineering,1
Frederick W Sturckow,Frederick,Sturckow,Man,4,1233,0,0,California Polytechnic State University,Mechanical Engineering,0,1
G David Low,David,Low,Man,3,714,1,6,Washington & Lee University; Cornell University; Stanford University,Physics & Engineering,Mechanical Engineering; Aeronautics & Astronautics,1
G Reid Wiseman,Reid,Wiseman,Not Found,1,3968,2,13,Rensselaer Polytechnic Institute; Johns Hopkins University,Computer & Systems Engineering,Systems Engineering,1
Garrett E Reisman,Garrett,Reisman,Man,2,2571,3,21,University of Pennsylvania; California Institute of Technology,Economics,Mechanical  Engineering,1
Gary E Payton,Gary,Payton,Man,1,73,0,0,US Air Force Academy; Purdue University,Astronautical Engineering,Astronautical & Aeronautical Engineering,1
George D Nelson,George,Nelson,Man,3,411,2,10,Harvey Mudd College; University of Washington,Physics,Astronomy,2
George D Zamka,George,Zamka,Man,2,692,0,0,US Naval Academy; Florida Institute of Technology,Mathematics,Engineering Management,2
Gerald P Carr,Gerald,Carr,Man,1,2017,3,16,University of Southern California; US Naval Postgraduate School; Princeton University,Mechanical Engineering,Aeronautical Engineering,2
Gregory B Jarvis,Gregory,Jarvis,Man,1,0,0,0,State University of New York at Buffalo; Northeastern University,Electrical Engineering,Electrical Engineering,1
Gregory C Johnson,Gregory,Johnson,Man,1,309,0,0,University of Washington,Aerospace Engineering,0,1
Gregory E Chamitoff,Gregory,Chamitoff,Man,2,4770,2,13,California Polytechnic State University; California Institute of Technology; MIT,Electrical Engineering,Aeronautical Engineering; Aeronautics & Astronautics,1
Gregory H Johnson,Gregory,Johnson,Man,1,309,0,0,University of Washington,Aerospace Engineering,0,1
Gregory J Harbaugh,Gregory,Harbaugh,Man,4,817,3,18,Purdue University; University of Houston-Clear Lake,Aeronautical & Astronautical Engineering,Physical Science,1
Gregory T Linteris,Gregory,Linteris,Man,2,471,0,0,Princeton University; Stanford University,Chemical Engineering,Mechanical Engineering; Mechanical & Aerospace Engineering,1
Guion S Bluford,Guion,Bluford,Man,4,689,0,0,Pennsylvania State University; Air Force Institute of Technology; University of Houston-Clear Lake,Aerospace Engineering,Aerospace Engineering; Business Administration,1
Guy S Gardner,Guy,Gardner,Man,2,320,0,0,US Air Force Academy; Purdue University,Engineering Sciences; Astronautics & Mathematics,Astronautics,1
Harrison H Schmitt,Harrison,Schmitt,Man,1,301,3,22,California Institute of Technology; Harvard University,Geology,Geology,2
Heidemarie M Stefanyshyn-Piper,Heidemarie,Stefanyshyn-Piper,Woman,2,663,2,33,MIT,Mechanical Engineering,0,1
Henry W Hartsfield,Henry,Hartsfield,Man,3,482,0,0,Auburn University; University of Tennessee,Physics,Engineering Science,1
J Mike Lounge,Mike,Lounge,Not Found,3,483,0,0,US Naval Academy; University of Colorado,Mathematics & Physics,Astrogeophysics,2
Jack D Fischer,Jack,Fischer,Man,1,0,0,0,US Air Force Academy; MIT,Astronautical Engineering,Aeronautics & Astronautics,1
Jack R Lousma,Jack,Lousma,Man,2,1619,2,11,University of Michigan; US Naval Postgraduate School,Aeronautical Engineering,Aeronautical Engineering,3
Jake Garn,Jake,Garn,Not Found,1,167,0,0,University of Utah,Business Finance,0,1
James A Lovell,James,Lovell,Not Found,4,715,0,0,US Naval Academy,0,0,1
James A McDivitt,James,McDivitt,Man,2,338,0,0,University of Michigan,Astronautical Engineering,0,2
James A Pawelczyk,James,Pawelczyk,Man,1,381,0,0,University of Rochester; Pennsylvania State University; University of North Texas,Biology & Psychology,Physiology; Biology,1
James B Irwin,James,Irwin,Man,1,295,3,20,US Naval Academy; University of Michigan,Naval Sciences,Aeronautical Engineering,3
James C Adamson,James,Adamson,Man,2,334,0,0,US Military Academy; Princeton University,Engineering,Aerospace Engineering,1
James D Halsell,James,Halsell,Man,5,1258,0,0,US Air Force Academy; Troy State University; US Air Force Institute of Technology,Engineering,Business Management; Space Operations,1
James D van Hoften,James,Hoften,Man,2,338,4,22,University of California-Berkeley; Colorado State University,Civil Engineering,Hydraulic Engineering; Fluid Mechanics,1
James D Wetherbee,James,Wetherbee,Man,6,1594,0,0,University of Notre Dame,Aerospace Engineering,0,1
James F Buchli,James,Buchli,Man,4,490,0,0,US Naval Academy; University of West Florida,Aeronautical Engineering,Aeronautical Engineering Systems,1
James F Reilly,James,Reilly,Man,3,854,5,31,University of Texas-Dallas,Geosciences,Geosciences,1
James H Newman,James,Newman,Man,4,1042,6,43,Dartmouth College; Rice University,Physics,Physics,3
James M Kelly,James,Kelly,Man,2,641,0,0,US Air Force Academy; University of Alabama,Astronautical Engineering,Aerospace Engineering,2
James P Bagian,James,Bagian,Man,2,337,0,0,Drexel University; Thomas Jefferson University,Mechanical Engineering,Medicine,1
James P Dutton,James,Dutton,Man,1,362,0,0,US Air Force Academy; University of Washington,Astronautical Engineering,Aeronautics & Astronautics,1
James S Voss,James,Voss,Man,5,4853,4,22,Auburn University; University of Colorado,Aerospace Engineering,Aerospace Engineering Sciences,2
Janet L Kavandi,Janet,Kavandi,Woman,3,812,0,0,Missouri Southern State College; University of Missouri; University of Washington,Chemistry,Chemistry,2
Janice E Voss,Janice,Voss,Woman,5,1179,0,0,Purdue University; MIT,Engineering Science,Electrical Engineering; Aeronautics & Astronautics,1
Jay Clark Buckey,Jay,Buckey,Man,1,381,0,0,Cornell University,Electrical Engineering,Medicine,1
Jeanette J Epps,Jeanette,Epps,Not Found,0,0,0,0,LeMoyne College; University of Maryland,Physics,Aerospace Engineering,1
Jeffrey A Hoffman,Jeffrey,Hoffman,Man,5,1211,4,25,Amherst College; Rice University; Harvard University,Astronomy,Materials Science; Astrophysics,1
Jeffrey N Williams,Jeffrey,Williams,Man,4,12818,5,32,US Military Academy; US Naval Postgraduate School; US Naval War College,Applied Science & Engineering,Aeronautical Engineering; National Security & Strategic Studies,1
Jeffrey S Ashby,Jeffrey,Ashby,Man,3,655,0,0,University of Idaho; University of Tennessee,Mechanical Engineering,Aviation Systems,2
Jerome Apt,Jerome,Apt,Man,4,847,2,11,Harvard University; MIT,Physics,Physics,3
Jerry L Ross,Jerry,Ross,Man,7,1393,9,58,Purdue University,Mechanical Engineering,Mechanical Engineering,3
Jerry M Linenger,Jerry,Linenger,Man,2,3435,1,5,US Naval Academy; University of Southern California; University of North Carolina; Wayne State University,Bioscience,Systems Management; Public Health; Medicine; Epidemiology,1
Joan E Higginbotham,Joan,Higginbotham,Woman,1,308,0,0,Southern Illinois University-Carbondale; Florida Institute of Technology,Electrical Engineering,Business Management; Space Systems,1
Joe F Edwards,Joe,Edwards,Man,1,211,0,0,US Naval Academy; University of Tennessee-Knoxville,Aerospace Engineering,Aviation Systems,1
Joe H Engle,Joe,Engle,Man,2,224,0,0,University of Kansas,Aeronautical Engineering,0,2
John A Llewellyn,John,Llewellyn,Not Found,0,0,0,0,University College at Cardiff,Chemistry,Chemistry,1
John B Herrington,John,Herrington,Man,1,330,3,20,University of Colorado; US Naval Postgraduate School,Applied Mathematics,Aeronautical Engineering,2
John D Olivas,John,Olivas,Man,2,665,5,34,University of Texas-El Paso; University of Houston; Rice University,Mechanical Engineering,Mechanical  Engineering; Mechanical  Engineering & Materials Science,3
John E Blaha,John,Blaha,Man,5,3861,0,0,US Air Force Academy; Purdue University,Engineering Science,Astronautical Engineering,1
John H Casper,John,Casper,Man,4,825,0,0,US Air Force Academy; Purdue University,Engineering Science,Astronautics,1
John H Glenn,John,Glenn,Man,2,218,0,0,Muskingum College,Engineering,0,1
John L Phillips,John,Phillips,Man,3,4880,1,5,US Naval Academy; University of West Florida; University of California-Los Angeles,Mathematics; Russian,Aeronautical Systems; Geophysics & Space Physics,1
John L Swigert,John,Swigert,Man,1,142,0,0,University of Colorado; Rensselaer Polytechnic Institute; University of Hartford,Mechanical Engineering,Aerospace Science; Business Administration,2
John M Fabian,John,Fabian,Man,2,316,0,0,Washington State University; US Air Force Institute of Technology; University of Washington,Mechanical Engineering,Aerospace Engineering; Aeronautics & Astronautics,3
John M Grunsfeld,John,Grunsfeld,Man,5,1407,8,58,MIT; University of Chicago,Physics,Physics,2
John O Creighton,John,Creighton,Man,3,404,0,0,US Naval Academy; George Washington University,0,Science & Technology Administration,1
John S Bull,John,Bull,Not Found,0,0,0,0,Rice University; Stanford University,Mechanical Engineering,Aeronautical Engineering,2
John W Young,John,Young,Man,6,835,3,20,Georgia Institute of Technology,Aeronautical Engineering,0,1
John-David F Bartoe,John-David,Bartoe,Man,1,190,0,0,Lehigh University; Georgetown University,Physics,Physics,1
Jon A McBride,Jon,McBride,Man,1,197,0,0,US Naval Postgraduate School,Aeronautical Engineering,0,2
Jose M Hernandez,Jose,Hernandez,Not Found,1,332,0,0,University of the Pacific; University of California-Santa Barbara,Electrical Engineering,Electrical & Computer Engineering,1
Joseph M Acaba,Joseph,Acaba,Man,3,3307,2,13,University of California-Santa Barbara; University of Arizona,Geology,Geology,2
Joseph P Allen,Joseph,Allen,Man,2,313,2,12,DePauw University; Yale University,Mathematics & Physics,Physics,1
Joseph P Kerwin,Joseph,Kerwin,Man,1,672,1,3,College of the Holy Cross; Northwestern University,Philosophy,Medicine,1
Joseph R Tanner,Joseph,Tanner,Man,4,1045,7,46,University of Illinois,Mechanical Engineering,0,2
Judith A Resnik,Judith,Resnik,Woman,2,144,0,0,Carnegie-Mellon University; University of Maryland,Electrical Engineering,Electrical Engineering,1
K Megan McArthur,Megan,McArthur,Woman,2,309,0,0,University of California-Los Angeles; University of California-San Diego,Aerospace Engineering,Oceanography,2
Kalpana Chawla,Kalpana,Chawla,Woman,2,734,0,0,Punjab Engineering College; University of Texas-Arlington; University of Colorado,Aeronautical Engineering,Aerospace Engineering,3
Karen L Nyberg,Karen,Nyberg,Woman,2,4320,0,0,University of North Dakota; University of Texas,Mechanical Engineering,Mechanical Engineering,1
Karl G Henize,Karl,Henize,Man,1,190,0,0,University of Virginia; University of Michigan,Mathematics,Astronomy,1
Karol J Bobko,Karol,Bobko,Man,3,386,0,0,US Air Force Academy; University of Southern California,0,Aerospace Engineering,2
Kathleen Rubins,Kathleen,Rubins,Woman,2,2762,2,13,University of California-San Diego; Stanford University,Molecular Biology,Cancer Biology,1
Kathryn C Thornton,Kathryn,Thornton,Woman,4,975,3,21,Auburn University; University of Virginia,Physics,Physics,2
Kathryn D Sullivan,Kathryn,Sullivan,Woman,3,532,1,3,University of California-Santa Cruz; Dalhousie University,Earth Sciences,Earth Sciences; Geology,3
Kathryn P Hire,Kathryn,Hire,Woman,2,711,0,0,US Naval Academy; Florida State Institute of Technology,Engineering Management,Space Technology,1
Kenneth D Bowersox,Kenneth,Bowersox,Man,5,5078,2,13,US Naval Academy; Columbia University,Aerospace Engineering,Mechanical Engineering,3
Kenneth D Cameron,Kenneth,Cameron,Man,3,562,0,0,MIT; Michigan State University,Aeronautics & Astronautics,Aeronautics & Astronautics; Business Administration,1
Kenneth D Cockrell,Kenneth,Cockrell,Man,5,1548,0,0,University of Texas; University of West Florida,Mechanical Engineering,Aeronautical Systems,1
Kenneth S Reightler,Kenneth,Reightler,Man,2,327,0,0,US Naval Academy; US Naval Postgraduate School; University of Southern California,Aerospace Engineering,Aeronautical Engineering; Systems Management,2
Kenneth T Ham,Kenneth,Ham,Man,2,612,0,0,US Naval Academy; US Naval Postgraduate School,Aerospace Engineering,Aeronautical Engineering,3
Kent V Rominger,Kent,Rominger,Man,5,1611,0,0,Colorado State University; US Naval Postgraduate School,Civil Engineering,Aeronautical Engineering,1
Kevin A Ford,Kevin,Ford,Man,2,3781,0,0,University of Notre Dame; Troy State University; University of Florida; Air Force Institute of Technology,Aerospace Engineering,International Relations; Aerospace Engineering; Astronautical Engineering,2
Kevin P Chilton,Kevin,Chilton,Man,3,700,0,0,US Air Force Academy; Columbia University,Engineering Science,Mechanical Engineering,1
Kevin R Kregel,Kevin,Kregel,Man,4,1265,0,0,US Air Force Academy; Troy State University,Astronautical Engineering,Public Administration,3
Kjell N Lindgren,Kjell,Lindgren,Man,1,3400,2,15,US Air Force Academy; University of Colorado; Colorado State University; University of Minnesota; University of Texas Medical Branch-Galveston,Biology,Medicine; Cardiovascular Physiology; Health Informatics; Public Health,3
L Blaine Hammond,Blaine,Hammond,Not Found,2,462,0,0,US Air Force Academy; Georgia Institute of Technology,Engineering Science,Engineering Science,3
L Gordon Cooper,Gordon,Cooper,Man,2,225,0,0,Air Force Institute of Technology,Aeronautical Engineering,0,2
Laurel B Clark,Laurel,Clark,Woman,1,382,0,0,University of Wisconsin-Madison,Zoology,Medicine,1
Lawrence J Delucas,Lawrence,Delucas,Man,1,331,0,0,University of Alabama at Birmingham,Chemistry; Physiological Optics,Chemistry; Biochemistry; Optometry,3
Lee J Archambault,Lee,Archambault,Man,2,639,0,0,University of Illinois-Urbana,Aeronautical & Astronautical Engineering,Aeronautical & Astronautical Engineering,2
Lee M Morin,Lee,Morin,Man,1,259,2,14,University of New Hampshire; University of Alabama-Birmingham; New York University,Mathematical & Electrical Science,Public Health; Biochemistry; Medicine; Microbiology,2
Leland D Melvin,Leland,Melvin,Man,2,565,0,0,University of Richmond; University of Virginia,Chemistry,Materials Science Engineering,3
Leroy Chiao,Leroy,Chiao,Man,4,5503,6,36,University of California-Berkeley; University of California-Santa Barbara,Chemical Engineering,Chemical Engineering,3
Linda M Godwin,Linda,Godwin,Woman,4,918,2,10,Southeast Missouri State; University of Missouri,Mathematics & Physics,Physics,3
Lisa M Nowak,Lisa,Nowak,Woman,1,306,0,0,US Naval Academy; US Naval Postgraduate School,Aerospace Engineering,Aeronautical Engineering,2
Lodewijk van den Berg,Lodewijk,Berg,Man,1,168,0,0,Delft University of Technology; University of Delaware,Chemical Engineering,Applied Science,3
Loren J Shriver,Loren,Shriver,Man,3,386,0,0,US Air Force Academy; Purdue University,Aeronautical Engineering,Astronautical Engineering,3
Loren W Acton,Loren,Acton,Man,1,190,0,0,Montana State University; University of Colorado,Engineering Physics,Solar Physics,1
M Scott Carpenter,Scott,Carpenter,Man,1,4,0,0,University of Colorado,Aeronautical Engineering,0,1
Mae C Jemison,Mae,Jemison,Woman,1,190,0,0,Stanford University; Cornell University,Chemical Engineering,Medicine,3
Manley Lanier Carter,Manley,Carter,Not Found,1,120,0,0,Emory University,Chemistry,Medicine,1
Margaret Rhea Seddon,Margaret,Seddon,Not Found,3,722,0,0,University of California-Berkeley; University of Tennessee,Physiology,Medicine,3
Mario Runco,Mario,Runco,Man,3,551,0,0,City College of New York; Rutgers University,Earth & Planetary Science,Atmospheric Physics,2
Mark C Lee,Mark,Lee,Man,4,789,4,26,US Air Force Academy; MIT,Civil Engineering,Mechanical Engineering,2
Mark E Kelly,Mark,Kelly,Man,4,1298,0,0,US Merchant Marine Academy; US Naval Postgraduate School,Marine Engineering & Nautical Science,Aeronautical Engineering,2
Mark L Polansky,Mark,Polansky,Man,3,995,0,0,Purdue University,Aeronautical & Astronautical Engineering,Aeronautical & Astronautical Engineering,3
Mark N Brown,Mark,Brown,Man,2,249,0,0,Purdue University; Air Force Institute of Technology,Aeronautical & Astronautical Engineering,Astronautical Engineering,3
Mark T Vande Hei,Mark,Hei,Man,2,0,0,0,Saint John’s University; Stanford University,Physics,Applied Physics,3
Marsha S Ivins,Marsha,Ivins,Woman,5,1341,0,0,University of Colorado,Aerospace Engineering,0,3
Martin J Fettman,Martin,Fettman,Man,1,336,0,0,Cornell University; Colorado State University,Animal Nutrition,Physiology,1
Mary E Weber,Mary,Weber,Woman,2,450,0,0,Purdue University; University of California-Berkeley,Chemical Engineering,Physical Chemistry,3
Mary L Cleave,Mary,Cleave,Woman,2,262,0,0,Colorado State University; Utah State University,Biological Science,Microbial Ecology; Environmental Engineering,3
Michael A Baker,Michael,Baker,Man,4,965,0,0,University of Texas,Aerospace Engineering,0,2
Michael Collins,Michael,Collins,Man,2,266,1,1,US Military Academy,0,0,1
Michael E Fossum,Michael,Fossum,Man,3,4651,7,48,Texas A&M University; Air Force Institute of Technology; University of Houston-Clear Lake,Mechanical Engineering,Systems Engineering; Physical Science (Space Science),3
Michael E Lopez-Alegria,Michael,Lopez-Alegria,Man,4,6190,10,67,US Naval Academy; US Naval Postgraduate School,Systems Engineering,Aeronautical Engineering,3
Michael J Bloomfield,Michael,Bloomfield,Man,3,779,0,0,US Air Force Academy; Old Dominion University,Engineering Mechanics,Engineering Management,3
Michael J Foreman,Michael,Foreman,Man,2,637,5,32,US Naval Academy; US Naval Postgraduate School,Aerospace Engineering,Aeronautical Engineering,3
Michael J Massimino,Michael,Massimino,Man,2,571,4,30,Columbia University; MIT,Industrial Engineering,Technology & Policy; Mechanical Engineering,1
Michael J McCulley,Michael,McCulley,Man,1,119,0,0,Purdue University,Metallurgical Engineering,Metallurgical Engineering,1
Michael J Smith,Michael,Smith,Man,1,0,0,0,US Naval Academy; US Naval Postgraduate School,Naval Sciences,Aeronautical Engineering,3
Michael L Coats,Michael,Coats,Man,3,463,0,0,US Naval Academy; George Washington University; US Naval Postgraduate School,0,Science & Technology Administration; Aeronautical Engineering,1
Michael L Gernhardt,Michael,Gernhardt,Man,4,1039,4,23,Vanderbilt University; University of Pennsylvania,Physics,Bioengineering,3
Michael P Anderson,Michael,Anderson,Man,2,594,0,0,University of Washington; Creighton University,Physics & Astronomy,Physics,3
Michael R Barratt,Michael,Barratt,Man,2,5075,1,5,University of Washington; Northwestern University; Wright State University,Zoology,Medicine; Aerospace Medicine,3
Michael R Clifford,Michael,Clifford,Man,3,666,1,6,US Military Academy; Georgia Institute of Technology,0,Aerospace Engineering,3
Michael S Hopkins,Michael,Hopkins,Man,2,3990,2,13,University of Illinois; Stanford University,Aerospace Engineering,Aerospace Engineering,1
Michael T Good,Michael,Good,Man,2,592,4,30,University of Notre Dame,Aerospace Engineering,Aerospace Engineering,1
Millie Hughes-Fulford,Millie,Hughes-Fulford,Woman,1,218,0,0,Tarleton State University; Texas Woman’s University,Chemistry & Biology,0,1
N Jan Davis,Jan,Davis,Not Found,3,673,0,0,Georgia Institute of Technology; Auburn University; University of Alabama-Huntsville,Applied Biology; Mechanical Engineering,Mechanical Engineering,1
Nancy J Currie,Nancy,Currie,Woman,4,999,0,0,Ohio State University; University of Southern California; University of Houston,Biological Science,Safety Engineering; Industrial Engineering,2
Neil A Armstrong,Neil,Armstrong,Man,2,205,1,2,Purdue University; University of Southern California,Aeronautical Engineering,Aerospace Engineering,3
Neil W Woodward,Neil,Woodward,Not Found,0,0,0,0,MIT; University of Texas-Austin; George Washington University,Physics,Physics; Business Management,3
Niclolas J M Patrick,Niclolas,Patrick,Not Found,2,638,3,18,University of Cambridge; MIT,Engineering,Engineering; Mechanical Engineering,3
Nicole P Stott,Nicole,Stott,Woman,2,2477,1,6,Embry-Riddle Aeronautical University; University of Central Florida,Aeronautical Engineering,Engineering Management,2
Norman E Thagard,Norman,Thagard,Man,5,3373,0,0,Florida State University; University of Texas,Engineering Science,Engineering Science; Medicine,3
Owen K Garriott,Owen,Garriott,Man,2,1674,3,14,University of Oklahoma; Stanford University,Electrical Engineering,Electrical Engineering,3
Pamela A Melroy,Pamela,Melroy,Woman,3,914,0,0,Wellesley College; MIT,Physics & Astronomy,Earth & Planetary Sciences,1
Patricia Hilliard Robertson,Patricia,Robertson,Not Found,0,0,0,0,Indiana University of Pennsylvania; Medical College of Pennsylvania,Biology,Medicine,3
Patrick G Forrester,Patrick,Forrester,Man,3,950,4,25,US Military Academy; University of Virginia,Applied Science & Engineering,Mechanical & Aerospace Engineering,2
Paul D Scully-Power,Paul,Scully-Power,Man,1,197,0,0,University of Sydney,Applied Mathematics,0,3
Paul J Weitz,Paul,Weitz,Man,2,793,1,2,Pennsylvania State University; US Naval Postgraduate School,Aeronautical Engineering,Aeronautical Engineering,2
Paul S Lockhart,Paul,Lockhart,Man,2,663,0,0,Texas Tech University; University of Texas,Mathematics,Aerospace Engineering,1
Paul W Richards,Paul,Richards,Man,1,307,1,6,Drexel University; University of Maryland,Mechanical Engineering,Mechanical Engineering,1
Peggy A Whitson,Peggy,Whitson,Woman,3,11698,7,46,Iowa Wesleyan College; Rice University,Chemistry & Biology,Biochemistry,3
Peter J K Wisoff,Peter,Wisoff,Man,4,1064,3,20,University of Virginia; Stanford University,Physics,Applied Physics,3
Philip K Chapman,Philip,Chapman,Not Found,0,0,0,0,University of Sydney; MIT,Physics & Mathematics,Aeronautics & Astronautics; Instrumentation,3
Pierre J Thuot,Pierre,Thuot,Man,3,654,3,17,US Naval Academy; University of Southern California,Physics,Systems Management,2
Piers J Sellers,Piers,Sellers,Man,3,839,6,41,University of Edinburgh; Leeds University,Ecological Science,Biometeorology,2
Randolph J Bresnik,Randolph,Bresnik,Man,2,259,2,12,The Citadel; University of Tennessee-Knoxville,Mathematics,Aviation Systems,3
Rex J Walheim,Rex,Walheim,Man,3,872,5,36,University of California-Berkeley; University of Houston,Mechanical Engineering,Industrial Engineering,3
Richard A Mastracchio,Richard,Mastracchio,Man,4,5461,9,53,University of Connecticut; Rensselaer Polytechnic Institute; University of Houston-Clear Lake,Electrical Engineering; Computer Science,Electrical Engineering; Physical Sciences,3
Richard A Searfoss,Richard,Searfoss,Man,3,939,0,0,US Air Force Academy; California Institute of Technology,Aeronautical Engineering,Aeronautics,3
Richard F Gordon,Richard,Gordon,Man,2,315,1,0.5,University of Washington,Chemistry,0,3
Richard H Truly,Richard,Truly,Man,2,199,0,0,Georgia Institute of Technology,Aeronautical Engineering,0,3
Richard J Hieb,Richard,Hieb,Man,3,766,3,18,Northwest Nazarene College; University of Colorado,Mathematics & Physics,Aerospace Engineering,2
Richard M Linnehan,Richard,Linnehan,Man,4,1427,6,43,University of New Hampshire; Ohio State University; Harvard University,Animal Science,Veterinary Medicine; Public Administration,2
Richard M Mullane,Richard,Mullane,Man,3,356,0,0,US Military Academy; US Air Force Institute of Technology,Military Engineering,Aeronautical Engineering,3
Richard N Richards,Richard,Richards,Man,4,813,0,0,University of Missouri; University of West Florida,Chemical Engineering,Aeronautical Systems,3
Richard O Covey,Richard,Covey,Man,4,645,0,0,US Air Force Academy; Purdue University,Engineering Science,Aeronautics & Astronautics,3
Richard R Arnold,Richard,Arnold,Man,2,307,2,12,Frostburg State University; University of Maryland,Accounting,Environmental Science,3
Rick D Husband,Rick,Husband,Man,2,617,0,0,Texas Tech University; California State University,Mechanical Engineering,Mechanical Engineering,3
Robert A Parker,Robert,Parker,Man,2,462,0,0,Amherst College; California Institute of Technology,Physics & Astronomy,Astronomy,2
Robert C Springer,Robert,Springer,Man,2,237,0,0,US Naval Academy; US Naval Postgraduate School,Naval Sciences,Operations Research,2
Robert Cenker,Robert,Cenker,Man,1,146,0,0,Pennsylvania State University; Rutgers University,Aerospace Engineering,Aerospace Engineering; Electrical Engineering,2
Robert D Cabana,Robert,Cabana,Man,4,910,0,0,US Naval Academy,Mathematics,0,3
Robert F Overmyer,Robert,Overmyer,Man,2,290,0,0,Baldwin Wallace College; US Naval Postgraduate School,Physics,Aeronautics,2
Robert L Behnken,Robert,Behnken,Man,3,708,6,37,Washington University; California Institute of Technology,Physics & Mechanical Engineering,Mechanical Engineering,2
Robert L Crippen,Robert,Crippen,Man,4,565,0,0,University of Texas,Aerospace Engineering,0,3
Robert L Curbeam,Robert,Curbeam,Man,3,902,7,45,US Naval Academy; US Naval Postgraduate School,Aerospace Engineering,Aerospace Engineering; Aeronautical & Astronautical Engineering,3
Robert L Gibson,Robert,Gibson,Man,5,868,0,0,California Polytechnic Institute,Aeronautical Engineering,0,3
Robert L Satcher,Robert,Satcher,Man,1,259,2,12,MIT; Harvard University,Chemical Engineering,Chemical Engineering; Medicine,2
Robert L Stewart,Robert,Stewart,Man,2,289,2,12,University of Southern Mississippi; University of Texas-Arlington,Mathematics,Aerospace Engineering,3
Robert Shane Kimbrough,Robert,Kimbrough,Man,3,3720,4,25,US Military Academy; Georgia Institute of Technology,Aerospace Engineering,Operations Research,2
Roger B Chaffee,Roger,Chaffee,Not Found,1,0,0,0,Purdue University,Aeronautical Engineering,0,2
Roger K Crouch,Roger,Crouch,Man,2,471,0,0,Tennessee Polytechnic Institute; Virginia Polytechnic Institute,Physics,Physics,2
Ronald A Parise,Ronald,Parise,Man,2,614,0,0,Youngstown State University; University of Florida,Physics,Astronomy,3
Ronald E Evans,Ronald,Evans,Man,1,301,1,1,University of Kansas; US Naval Postgraduate School,Electrical Engineering,Aeronautical Engineering,3
Ronald E McNair,Ronald,McNair,Man,1,191,0,0,North Carolina A&T State College; MIT,Physics,Physics,2
Ronald J Garan,Ronald,Garan,Man,2,4271,4,27,State University of New York; Embry-Riddle Aeronautical University; University of Florida,Business Economics,Aeronautics; Aerospace Engineering,3
Ronald J Grabe,Ronald,Grabe,Man,4,627,0,0,US Air Force Academy,Engineering Science,0,3
Ronald M Sega,Ronald,Sega,Man,2,420,0,0,US Air Force Academy; Ohio State University; University of Colorado,Physics & Mathematics,Physics; Electrical Engineering,2
Roy D Bridges,Roy,Bridges,Man,1,190,0,0,US Air Force Academy; Purdue University,Engineering Science,Astronautics,3
Russell L Schweickart,Russell,Schweickart,Not Found,1,241,1,1,MIT,Aeronautics & Astronautics,Aeronautics & Astronautics,3
S Christa McAuliffe,Christa,McAuliffe,Woman,1,0,0,0,Framingham State College; Bowie State College,Education,Education,2
S David Griggs,David,Griggs,Man,1,167,1,3,US Naval Academy; George Washington University,0,Business Administration,2
Sally K Ride,Sally,Ride,Woman,2,343,0,0,Stanford University,Physics; English,Physics,2
Samuel T Durrance,Samuel,Durrance,Man,2,614,0,0,California State University; University of Colorado,Physics,Physics; Astrogeophysics,2
Sandra H Magnus,Sandra,Magnus,Woman,3,3776,0,0,University of Missouri-Rolla; Georgia Institute of Technology,Physics,Electrical Engineering; Materials Science & Engineering,3
Scott D Altman,Scott,Altman,Man,4,1236,0,0,University of Illinois; US Naval Postgraduate School,Aeronautical & Astronautical Engineering,Aeronautical Engineering,2
Scott D Tingle,Scott,Tingle,Man,1,0,0,0,Southeastern Massachusetts University; Purdue University,Mechanical Engineering,Mechanical Engineering,3
Scott E Parazynski,Scott,Parazynski,Man,5,1404,7,47,Stanford University,Biology,Medicine,2
Scott J Horowitz,Scott,Horowitz,Man,4,1137,0,0,California State University-Northridge; Georgia Institute of Technology,Engineering,Aerospace Engineering,3
Scott J Kelly,Scott,Kelly,Man,4,12490,3,18,State University of New York Maritime College; University of Tennessee-Knoxville,Electrical Engineering,Aviation Systems,3
Serena M Aunon,Serena,Aunon,Not Found,0,0,0,0,George Washington University; University of Texas,Electrical Engineering,Medicine,2
Shannon W Lucid,Shannon,Lucid,Woman,5,5354,0,0,University of Oklahoma,Chemistry,Biochemistry,2
Shannon Walker,Shannon,Walker,Woman,2,3919,0,0,Rice University,Space Physics,Space Physics,2
Sherwood C Spring,Sherwood,Spring,Man,1,165,2,12,US Military Academy; University of Arizona,Engineering,Aerospace Engineering,3
Sidney M Gutierrez,Sidney,Gutierrez,Man,2,488,0,0,US Air Force Academy; Webster College,Aeronautical Engineering,Business Management,2
Stanley G Love,Stanley,Love,Man,1,306,2,15,Harvey Mudd College; University of Washington,Physics,Astronomy,2
Stephanie D Wilson,Stephanie,Wilson,Woman,3,1031,0,0,Harvard University; University of Texas,Engineering Science,Aerospace Engineering,2
Stephen D Thorne,Stephen,Thorne,Not Found,0,0,0,0,US Naval Academy,Engineering,0,3
Stephen G Bowen,Stephen,Bowen,Man,3,970,7,47,US Naval Academy; MIT,Electrical Engineering,Ocean Engineering,3
Stephen K Robinson,Stephen,Robinson,Man,4,1162,3,20,University of California-Davis; Stanford University,Mechanical & Aeronautical Engineering,Mechanical  Engineering,2
Stephen N Frick,Stephen,Frick,Man,2,566,0,0,US Naval Academy; US Naval Postgraduate School,Aerospace Engineering,Aeronautical Engineering,3
Stephen S Oswald,Stephen,Oswald,Man,3,814,0,0,US Naval Academy,Aerospace Engineering,0,2
Steven A Hawley,Steven,Hawley,Man,5,770,0,0,University of Kansas; University of California,Physics & Astronomy,Astronomy & Astrophysics,3
Steven L Smith,Steven,Smith,Man,4,960,7,49,Stanford University,Electrical Engineering,Electrical Engineering,3
Steven R Nagel,Steven,Nagel,Man,4,721,0,0,University of Illinois; California State University-Fresno,Aerospace Engineering,Mechanical  Engineering,3
Steven R Swanson,Steven,Swanson,Man,3,4700,5,28,University of Colorado; Florida Atlantic University; Texas A&M University,Engineering Physics,Computer Systems; Computer Science,2
Steven W Lindsey,Steven,Lindsey,Man,5,1510,0,0,US Air Force Academy; US Air Force Institute of Technology,Engineering Science,Aeronautical Engineering,3
Story Musgrave,Story,Musgrave,Man,6,1281,4,26,Syracuse University; Marietta College; University of California-Los Angeles; University of Kentucky; University of Houston; Columbia University,Mathematics & Statistics; Chemistry,Business Administration; Physiology; Literature; Medicine,3
Stuart A Roosa,Stuart,Roosa,Man,1,216,0,0,University of Colorado,Aeronautical Engineering,0,2
Sunita L Williams,Sunita,Williams,Woman,2,7721,7,50,US Naval Academy; Florida Institute of Technology,Physical Science,Engineering Management,3
Susan J Helms,Susan,Helms,Woman,5,5063,1,9,US Air Force Academy; Stanford University,Aeronautical Engineering,Aeronautics & Astronautics,3
Susan L Kilrain (Still),Susan,Kilrain,Woman,2,472,0,0,Embry-Riddle University; Georgia Institute of Technology,Astronautical Engineering,Aerospace Engineering,3
Tamara E Jernigan,Tamara,Jernigan,Woman,5,1489,1,8,Stanford University; University of California-Berkeley; Rice University,Physics,Engineering Science; Astronomy,1
Taylor G Wang,Taylor,Wang,Man,1,168,0,0,University of California at Los Angeles,Physics,Physics,2
Terence T Henricks,Terence,Henricks,Man,4,1026,0,0,US Air Force Academy; Golden Gate University,Civil Engineering,Public Administration,3
Terrence W Wilcutt,Terrence,Wilcutt,Man,4,1008,0,0,Western Kentucky University,Mathematics,0,3
Terry J Hart,Terry,Hart,Man,1,167,0,0,Lehigh University; MIT; Rutgers University,Mechanical Engineering,Mechanical Engineering; Electrical Engineering,3
Terry W Virts,Terry,Virts,Man,2,5122,3,18,US Air Force Academy; Embry-Riddle Aeronautical University,Mathematics,Aeronautics,3
Theodore C Freeman,Theodore,Freeman,Not Found,0,0,0,0,US Naval Academy; University of Michigan,0,Aeronautical Engineering,3
Thomas D Akers,Thomas,Akers,Man,4,814,4,29,University of Missouri-Rolla,Applied Mathematics,Applied Mathematics,3
Thomas D Jones,Thomas,Jones,Man,4,1272,3,20,US Air Force Academy; University of Arizona,0,Planetary Science,3
Thomas H Marshburn,Thomas,Marshburn,Man,2,3871,4,24,Davidson College; University of Virginia; Wake Forest University; University of Texas Medical Branch-Galveston,Physics,Engineering Physics; Medicine; Medical Science,2
Thomas J Hennen,Thomas,Hennen,Man,1,166,0,0,0,0,0,3
Thomas K Mattingly,Thomas,Mattingly,Man,3,508,1,1,Auburn University,Aeronautical Engineering,0,3
Thomas P Stafford,Thomas,Stafford,Man,4,507,0,0,US Naval Academy,0,0,3
Timothy J Creamer,Timothy,Creamer,Man,1,3917,0,0,Loyola College; MIT,Chemistry,Physics,2
Timothy L Kopra,Timothy,Kopra,Man,2,5857,3,13,US Military Academy; Georgia Institute of Technology; US Army War College,Computer Science,Aerospace Engineering; Strategic Studies,3
Tracy E Caldwell (Dyson),Tracy,Caldwell,Not Found,2,4531,3,23,California State University-Fullerton; University of California-Davis,Chemistry,Physical Chemistry,3
Vance D Brand,Vance,Brand,Man,4,752,0,0,University of Colorado; University of California Los Angeles,Business Management; Aeronautical Engineering,Business Administration,2
Virgil I Grissom,Virgil,Grissom,Man,2,5,0,0,Purdue University,Mechanical Engineering,0,2
Walter Cunningham,Walter,Cunningham,Man,1,260,0,0,University of California-Los Angeles,Physics,Physics,3
Walter M Schirra,Walter,Schirra,Man,3,295,0,0,US Naval Academy,Naval Sciences,0,3
Wendy B Lawrence,Wendy,Lawrence,Woman,4,1223,0,0,US Naval Academy; MIT,Ocean Engineering,Ocean Engineering,3
William A Anders,William,Anders,Man,1,147,0,0,US Naval Academy; Air Force Institute of Technology,Nuclear Engineering,Nuclear Engineering,3
William A Oefelein,William,Oefelein,Man,1,308,0,0,Oregon State University; University of Tennessee,Electrical Engineering,Aviation Systems,3
William A Pailes,William,Pailes,Man,1,97,0,0,US Air Force Academy; Texas A&M University,Computer Science,Computer Science,3
William B Lenoir,William,Lenoir,Man,1,122,0,0,MIT,Electrical Engineering,Electrical Engineering,3
William C McCool,William,McCool,Man,1,382,0,0,US Naval Academy; University of Maryland; US Naval Postgraduate School,Naval Sciences,Computer Science; Aeronautical Engineering,3
William E Thornton,William,Thornton,Man,2,315,0,0,University of North Carolina,Physics,Medicine,3
William F Fisher,William,Fisher,Man,1,170,2,12,Stanford University; University of Houston; University of Florida,0,Engineering; Medicine,3
William F Readdy,William,Readdy,Man,3,672,0,0,US Naval Academy,Aerospace Engineering,0,3
William G Gregory,William,Gregory,Man,1,399,0,0,US Air Force Academy; Columbia University; Troy State University,Engineering Science,Engineering Mechanics; Business Management,3
William M Shepherd,William,Shepherd,Man,4,3823,0,0,US Naval Academy; MIT,Aerospace Engineering,Mechanical  Engineering,3
William R Pogue,William,Pogue,Man,1,2017,2,13,Oklahoma Baptist University; Oklahoma State University,Education,Mathematics,3
William S McArthur,William,McArthur,Man,4,5398,4,24,US Military Academy; Georgia Institute of Technology,Applied Science & Engineering,Aerospace Engineering,2
Winston E Scott,Winston,Scott,Man,2,590,3,19,Florida State University; US Naval Postgraduate School,Music,Aeronautical Engineering,3
Yvonne D Cagle,Yvonne,Cagle,Not Found,0,0,0,0,San Francisco State University,Biochemistry,0,3